{
  "network_score": 55.440204678362576,
  "delay_score": 0.0,
  "recv_score": 89.26315789473689,
  "loss_score": 93.02777777777777,
  "delay_95th_ms": 12229.54375,
  "min_delay_ms": 0.0,
  "avg_recv_mbps": 2.826666666666668,
  "avg_trace_bw_mbps": 3.1666666666666665,
  "avg_loss_pct": 6.972222222222221
}