{
  "network_score": 55.061257309941524,
  "delay_score": 0.0,
  "recv_score": 85.47368421052636,
  "loss_score": 93.02777777777777,
  "delay_95th_ms": 11916.153124999999,
  "min_delay_ms": 0.0,
  "avg_recv_mbps": 2.706666666666668,
  "avg_trace_bw_mbps": 3.1666666666666665,
  "avg_loss_pct": 6.972222222222221
}