{
  "network_score": 55.54808590102708,
  "delay_score": 0.0,
  "recv_score": 72.94117647058822,
  "loss_score": 96.5079365079365,
  "delay_95th_ms": 701.8333333333334,
  "min_delay_ms": 0.0,
  "avg_recv_mbps": 2.3619047619047615,
  "avg_trace_bw_mbps": 3.238095238095238,
  "avg_loss_pct": 3.4920634920634916
}