{
  "network_score": 54.166666666666664,
  "delay_score": 0.0,
  "recv_score": 100.0,
  "loss_score": 88.33333333333333,
  "delay_95th_ms": 3474.749999999999,
  "min_delay_ms": 94.58620689655173,
  "avg_recv_mbps": 3.4400000000000004,
  "avg_trace_bw_mbps": 3.2,
  "avg_loss_pct": 11.666666666666666
}