{
  "network_score": 53.50226608187135,
  "delay_score": 0.0,
  "recv_score": 68.84210526315792,
  "loss_score": 93.23611111111111,
  "delay_95th_ms": 8916.153124999999,
  "min_delay_ms": 0.0,
  "avg_recv_mbps": 2.1800000000000006,
  "avg_trace_bw_mbps": 3.1666666666666665,
  "avg_loss_pct": 6.7638888888888875
}