{
  "network_score": 55.80219298245614,
  "delay_score": 0.0,
  "recv_score": 90.10526315789477,
  "loss_score": 93.58333333333333,
  "delay_95th_ms": 12919.303124999999,
  "min_delay_ms": 0.0,
  "avg_recv_mbps": 2.8533333333333344,
  "avg_trace_bw_mbps": 3.1666666666666665,
  "avg_loss_pct": 6.416666666666666
}